<?xml version="1.0" encoding="UTF-8" ?>
<!DOCTYPE mapper PUBLIC "-//mybatis.org//DTD Mapper 3.0//EN"
        "http://mybatis.org/dtd/mybatis-3-mapper.dtd" >
<mapper namespace="com.sky.mapper.DishMapper">
    <!--    动态修改菜品基本信息-->
    <update id="update">
        update dish
        <set>
            <if test="name != null">name = #{name},</if>
            <if test="categoryId != null">category_id = #{categoryId},</if>
            <if test="price != null">price = #{price},</if>
            <if test="image != null">image = #{image},</if>
            <if test="description != null">description = #{description},</if>
            <if test="status != null">status = #{status},</if>
            <if test="updateTime != null">update_time = #{updateTime},</if>
            <if test="updateUser != null">update_user = #{updateUser},</if>
        </set>
        where id = #{id}
    </update>
    <!--    批量删除菜品数据-->
    <delete id="deleteByIds">
        delete from dish where id in
        <foreach collection="ids" item="id" separator="," open="(" close=")">
            #{id}
        </foreach>
    </delete>

    <!--分页查询-->
    <select id="pageQuery" resultType="com.sky.vo.DishVO">
        select d.*, c.name categoryName
        from dish d
        left join category c on d.category_id = c.id
        <where>
            <if test="name!=null and name!=''">
                d.name like concat('%', #{name}, '%')
            </if>
            <if test="categoryId!=null">
                and d.category_id = #{categoryId}
            </if>
            <if test="status!=null">
                and c.status = #{status}
            </if>

        </where>
        order by d.create_time desc

    </select>

    <!--    根据id统计起售菜品-->
    <select id="countEnableDishByIds" resultType="java.lang.Long">
        select count(*) from dish where id in
        <foreach collection="ids" item="id" separator="," open="(" close=")">
            #{id}
        </foreach>

        and status=1
    </select>

<!--动态条件查询菜品-->
    <select id="list" resultType="com.sky.entity.Dish">
         select * from dish
    <where>
        <if test="name != null">
            and name like concat('%',#{name},'%')
        </if>
        <if test="categoryId != null">
            and category_id = #{categoryId}
        </if>
        <if test="status != null">
            and status = #{status}
        </if>
    </where>
    order by create_time desc
    </select>
<!--    根据条件统计菜品数量-->
    <select id="countByMap" resultType="java.lang.Integer">
        select count(id) from dish
        <where>
            <if test="status != null">
                and status = #{status}
            </if>
            <if test="categoryId != null">
                and category_id = #{categoryId}
            </if>
        </where>
    </select>
</mapper>
