<?xml version="1.0" encoding="UTF-8" ?>
<!DOCTYPE mapper PUBLIC "-//mybatis.org//DTD Mapper 3.0//EN"
        "http://mybatis.org/dtd/mybatis-3-mapper.dtd" >
<mapper namespace="com.sky.mapper.SetmealDishMapper">
<!--    批量删除菜品套餐表的信息-->
    <delete id="deleteBySetmealId">
 delete from setmeal_dish where dish_id  in
        <foreach collection="ids" item="id" separator="," open="(" close=")">
            #{id}
        </foreach>
    </delete>

<!--根据菜品的id查询关联的套餐id-->
    <select id="getSetmealIdsByDishIds" resultType="java.lang.Long">
        select setmeal_id from setmeal_dish where dish_id in
     <foreach collection="ids" item="id" separator="," open="(" close=")">
            #{id}
        </foreach>
    </select>
<!--批量保存套餐和菜品的关联关系-->
    <insert id="insertBatch" parameterType="list">
    insert into setmeal_dish
    (setmeal_id,dish_id,name,price,copies)
    values
    <foreach collection="setmealDishes" item="sd" separator=",">
        (#{sd.setmealId},#{sd.dishId},#{sd.name},#{sd.price},#{sd.copies})
    </foreach>
</insert>
</mapper>
