<?xml version="1.0" encoding="UTF-8" ?>
<!DOCTYPE mapper PUBLIC "-//mybatis.org//DTD Mapper 3.0//EN" "http://mybatis.org/dtd/mybatis-3-mapper.dtd" >
<mapper namespace="com.sky.mapper.UserMapper">
<!--    根据动态条件统计用户数量-->
    <select id="countByMap" resultType="java.lang.Integer">
        select count(id) from user
        <where>
            <if test="begin != null">
                and create_time &gt;= #{begin}
            </if>
            <if test="end != null">
                and create_time &lt;= #{end}
            </if>
        </where>
    </select>


</mapper>
