<?xml version="1.0" encoding="UTF-8" ?>
<!DOCTYPE mapper PUBLIC "-//mybatis.org//DTD Mapper 3.0//EN"
        "http://mybatis.org/dtd/mybatis-3-mapper.dtd" >
<mapper namespace="com.sky.mapper.DishFlavorMapperr">




    <insert id="insert">
        insert into dish_flavor (dish_id, name, value) VALUES
            <foreach collection="flavors" item="df" separator=",">
                (#{df.dishId},#{df.name},#{df.value})
            </foreach>
    </insert>

    <update id="updateWithFlavor">
        update dish_flavor
        <set>
            <if test="name != null">name = #{name}</if>
            <if test="value != null">value = #{value}</if>
        </set>
        where dish_id = #{dishId}
    </update>

    <delete id="deleteByIds">
        delete from dish_flavor 
            <where>
                dish_id in
                <foreach collection="dishIds" item="id" separator="," open="(" close=")">
                    #{id}
                </foreach>
            </where>
    </delete>


</mapper>
