<?xml version="1.0" encoding="UTF-8" ?>
<!DOCTYPE mapper PUBLIC "-//mybatis.org//DTD Mapper 3.0//EN"
        "http://mybatis.org/dtd/mybatis-3-mapper.dtd" >
<mapper namespace="com.sky.mapper.OrderMapper">

    <insert id="insert" useGeneratedKeys="true" keyProperty="id">
        insert into orders (number, status, user_id, address_book_id, order_time, checkout_time, pay_method, pay_status, amount, remark, phone, address, user_name, consignee, cancel_reason, rejection_reason, cancel_time, estimated_delivery_time, delivery_status, delivery_time, pack_amount, tableware_number, tableware_status)
        VALUES
        (#{number},#{status},#{userId},#{addressBookId},#{orderTime},#{checkoutTime},#{payMethod},#{payStatus},#{amount},#{remark},
         #{phone},#{address},#{userName},#{consignee},#{cancelReason},#{rejectionReason},#{cancelTime},
         #{estimatedDeliveryTime},#{deliveryStatus},#{deliveryTime},#{packAmount},#{tablewareNumber},
         #{tablewareStatus})
    </insert>





    <select id="pageQuery" resultType="Orders">
        select * from orders
        <where>
            <if test="number != null and number!=''">
                and number like concat('%',#{number},'%')
            </if>
            <if test="phone != null and phone!=''">
                and phone like concat('%',#{phone},'%')
            </if>
            <if test="userId != null">
                and user_id = #{userId}
            </if>
            <if test="status != null">
                and status = #{status}
            </if>
        </where>
        order by order_time desc
    </select>



</mapper>