<?xml version="1.0" encoding="UTF-8" ?>
<!DOCTYPE mapper PUBLIC "-//mybatis.org//DTD Mapper 3.0//EN"
        "http://mybatis.org/dtd/mybatis-3-mapper.dtd" >
<mapper namespace="com.sky.mapper.SetmealMapper">
    <insert id="insert" useGeneratedKeys="true" keyProperty="id">
        insert into setmeal (category_id, name, price, description, image, create_time, update_time, create_user, update_user)
        VALUES
            (#{categoryId},#{name},#{price},#{description},#{image},#{createTime},#{updateTime},#{createUser},#{updateUser})

    </insert>

    <update id="update">
        update setmeal
        <set>
               <if test="name != null">name = #{name},</if>
               <if test="price != null">price = #{price},</if>
               <if test="status != null">status = #{status},</if>
               <if test="description != null">description = #{description},</if>
               <if test="image != null">image = #{image},</if>
               <if test="updateTime != null">update_time = #{updateTime},</if>
               <if test="categoryId != null">category_id = #{categoryId},</if>
        </set>
    </update>

    <delete id="delete">
        delete from setmeal where id in
        <foreach collection="ids" item="id" separator="," open="(" close=")">
            #{id}
        </foreach>
    </delete>


    <select id="pageQuery" resultType="com.sky.entity.Setmeal">
        select * from setmeal
        <where>
            <if test="name != null and name != ''">
                and name like concat('%',#{name},'%')
            </if>
            <if test="status != null">
                and status = #{status}
            </if>
            <if test="categoryId != null">
                and category_id = #{categoryId}
            </if>
        </where>

    </select>

    <select id="getByIds" resultType="com.sky.entity.Setmeal">
        select * from setmeal where id in
            <foreach collection="ids" item="id" separator="," open="(" close=")">
                #{id}
            </foreach>
    </select>

    <select id="list" parameterType="Setmeal" resultType="Setmeal">
        select * from setmeal
        <where>
            <if test="name != null">
                and name like concat('%',#{name},'%')
            </if>
            <if test="categoryId != null">
                and category_id = #{categoryId}
            </if>
            <if test="status != null">
                and status = #{status}
            </if>
        </where>
    </select>


    <select id="selectDishByUserId" resultType="ShoppingCart">
        select * from shopping_cart
        <where>
            <if test="userId != null">
               and user_id = #{userId}
            </if>
            <if test="dishId != null">
                and dish_id = #{dishId}
            </if>
            <if test="setmealId != null">
                and setmeal_id = #{setmealId}
             </if>
        </where>
    </select>
</mapper>